X1,X2,X3,X4,X5,X6,X7,X8,X9,X10,Y
-0.3640240225042313,-0.5350053278529326,-0.09875554332106556,0.6347828630120194,-0.3035837408432816,-1.6843693855500255,-0.3166280706726232,-0.3974183194492288,0.06443823800086784,1.11694067105568,-1.3332634887174468
-0.04098403022992084,1.1069075186026915,-0.4231735937798038,-0.17654005785259133,-0.8328479823036793,0.40581989598284124,0.970306216174261,1.8408926619723363,0.4970206169955695,-1.324867144631056,0.20893353806705994
-0.517495501401783,0.18686739814139453,-1.212555410893848,-1.701548414831775,-1.3299315525594448,-0.6445627510973917,-0.35369891512733587,-0.1720362784755954,-0.48379959829554786,-1.3126992097364403,-2.834560426869537
2.341057980437461,0.9801384516272303,0.5198369914119941,1.1795574133249322,0.385180573352695,0.6014113714365178,-0.02318265542025869,-1.1953386637419385,-0.012943833449142798,-1.5951653795607161,3.6779684869479135
-0.7166275805705745,0.24390483205264363,-0.44950971100756515,0.0365784333469874,-0.7978587774845598,-0.6974704681159452,-0.8367873259718858,0.909101547492765,-0.8502773100313946,-1.0195532444794948,-2.8297645906449014
-0.802880957821698,-0.6967781006315231,-0.14248091012969755,-0.8263316072108734,0.5947418975360079,0.5499586285393576,-0.23831961551253522,-0.9485458512018755,0.08668786866474201,0.40248199673884993,-1.4440825404089441
-0.22882676131070384,0.3885187603563654,-0.42623003410815474,-0.48377998536344846,0.5781790157217078,1.6169173163849844,1.0703172240355134,0.16999251737455484,-1.1115112098087392,0.08741265844722401,-0.2504204891293179
-1.2900430473974074,0.6748156450761431,1.8541065037514182,1.7766426118848002,-1.2084953759664459,-0.7637337635998925,-1.3726830310998215,-0.30664893610910976,-1.0366443359984285,-0.7722209827228537,0.014142709406798293
1.12572849481839,0.8919250080000786,0.4779011194820114,0.22311829191876673,-0.7006951502127823,-1.246762970460309,0.4463747410881137,0.50034732018845,0.38710285776045406,0.12413380951808466,2.7343631280650147
0.509318571433529,0.0338712963308992,-0.053160899143375594,0.8188969944286651,0.522505716914236,-0.32730559540762144,-0.3591558121513437,-0.019784916663563603,-0.893892014191726,-1.3815060929560652,1.8741491477930947
0.6473116182077203,-0.04494639055991436,0.4196442779591826,0.8624187654074359,0.4211993519860823,1.0276050216662704,2.0335521913106187,1.1000266010676358,-0.16623857839802622,0.6409781607716887,-0.31521141527348484
-0.2802702384625061,-0.3023015859353043,2.3472843192697943,1.8039964065409102,1.5991027416198984,0.903490096183837,0.06483665662143072,0.4653642697306595,1.5076446625935198,1.5636453521968725,1.1649534167252567
0.053404283505573955,0.5972793827446643,-0.54758948924781,-2.4345029692366933,-2.03430372780005,0.41125696436275705,0.10316951010430099,-0.12959299210781638,0.44650299304931523,0.8106113934225794,-1.9471301868893662
-1.0874814480467974,0.5048112013628745,1.601825960441208,1.1087663451426553,0.7689782528094342,2.075386260325965,0.6997789031667322,0.8443204193621764,-0.051794797508843034,0.166958042824056,-0.0651378231816887
-0.4380350549395837,-0.1637891053793525,0.9505151462224075,0.11625016702044817,0.7073056391523305,1.1390293826399431,-0.7547840662236713,-1.5647310465527127,-1.0488777881425169,-1.475281391517414,1.0186787850607726
0.21628399503347667,-0.5728532459304632,-0.6453230137999573,0.9384389044062393,0.38079661948660065,-0.7292949402084277,0.5230318959707968,-0.8194540114730006,-0.7146127119188468,-0.22567135837119734,-0.3714836631038559
1.5844949437807263,2.077265027684081,0.15764223121086404,0.43489210846399434,0.33615650604189895,0.09348266409518965,0.556793192329898,0.3880311421639826,-0.5607839313446136,1.0946074017615377,3.3175656079378766
-0.5450846752262505,0.07249850279350964,0.37874049407281946,-0.4870353806291962,1.4781816324701555,-0.1437603678690442,1.6310084107762695,0.2025712860408722,0.7245629825756021,1.1479435716900306,-2.162881766712152
-1.6245713135540762,-0.9754094567952701,-1.1198549813423446,0.2578883174437855,-0.7147513697925233,0.4712270872442201,0.1160339505544566,-0.22566855801806396,-0.3821439568296973,0.10852211982267473,-2.4811887845674634
0.8324948790735357,1.5150808649649559,0.32328447368654234,-0.08836453537379232,-0.09219187777051722,0.8818471265485174,-0.04739636119076813,0.19005137619645537,-0.5017721355288702,-0.6192238932290028,0.945487670700333
0.2747761894838769,-0.31335106227978654,1.5184625431788206,-0.23040104340636347,0.4559789489228667,-2.8137133129585328,-0.13239987337981193,-0.2972459534304417,0.504059343308143,-0.10724334622947965,0.994140868255696
0.011658944673016368,1.0695278554527274,0.8905023259356631,-0.05485796372416136,-0.7269135187248572,-0.8885551097840341,-1.1744524468490212,-1.1527353146600008,-0.06828003095710143,-0.11382331560644114,1.5116336733201519
-0.8551681217203356,-1.4466183522160807,-1.8984070539760671,-3.051705335800441,-2.984525816714486,-1.0477022151371937,0.4434693392588019,-0.37860353032839905,0.3784230268429832,-0.32635454275079695,-3.608435737703263
0.695290229656596,1.3144437015756374,-0.21443070246466442,-0.8817768465948466,1.3692447628702467,1.363529026539244,0.18415422268707982,-0.7603935676643565,0.6720727917331697,0.2784291833360343,0.23050458425530596
-0.07292811880002621,-0.2320014052584544,1.6517887174090324,0.39718007384964454,0.33762699170063454,-0.037971724065175995,-0.2792199966791761,1.2000066814726413,0.8514631131810757,0.32562507904255283,-2.060570740502211
1.4353474227623253,0.9939721863530809,2.52370226160149,1.6107767750913173,-0.30182474991449837,-1.2755767211498032,0.07996752711796944,0.7890933200305329,1.1448231275530987,0.8962779125654893,4.512541833613006
-0.03415909731812881,-1.835183673083734,-0.43195589152154434,1.681223381354755,1.457427651289373,1.9616282258191051,1.974222969366535,0.16804535745220492,-0.9316850701127819,-2.0432098675814396,1.0030064936125873
-0.8875098702364698,-1.0118493981507348,-0.8317759240860616,-1.4517645697693013,-2.342907839170669,-1.2202788702515883,-0.3806729068639407,0.42280063870795304,0.7053155855314563,0.5376007220230995,-2.0063959860111114
2.7386120438820303,1.1447892007938316,-1.1280179264279948,-0.5730036394381047,0.14986871272553776,-0.4251115991311236,-1.08075799600934,0.1514833737548907,0.07464481906067691,0.2152557106149111,2.98806435070479
-0.2105822385417838,-1.1800572587124718,-0.14547296361439327,0.4334011295826332,0.9347211829298955,-0.09164672961207868,0.13041543913800602,0.2777462345455457,-0.021606601522423077,0.5981259179507703,-1.3732433208934123
0.46970361063343996,-0.3428246235083443,0.5995781615536446,0.706127449160881,-0.1674357315036982,0.18671632838085767,0.515890406939089,0.7543703302592188,0.793830442570802,1.3970563058255077,1.6112772387598744
1.2970094236325873,0.5784030589307924,0.6578713765552898,0.7136784543605686,0.26320741336682874,-0.1664601416489935,-0.9318776730437092,-0.9703104063340496,-0.1971358338615841,0.918147282404725,1.5190213614235195
-0.8233225920939169,-1.0235102604978765,0.7263145213312566,1.6624029813814705,1.0541543023112305,-1.3041936836073362,-0.7225481534061344,-0.12402459029785497,-0.6616248071215036,-0.08647687557900491,0.1458077346775894
0.19447918644211767,-0.25966643893947117,-0.9208132462483015,-0.948691219348796,-0.030905534878871734,0.890195938789701,-0.02258822583371985,0.5252286502978718,0.5670062619745372,0.30273253279485707,-0.44592934800710604
0.27218180008985904,0.9381469610842266,0.8113873678116221,0.21306359646125259,-0.06420718136216169,1.0051111333300977,0.2929648614731075,0.20908132335314442,1.090005400482806,-0.6792271490285241,2.6421256994551623
1.3674234427345964,0.9033924502707634,0.479942617154169,0.4974934102079256,-0.4388168199712126,-0.7087277056364356,-1.3640795695702674,-0.3368494522383916,-0.5380561812342742,-0.6918657995916947,5.248997012243715
0.698587063676797,0.45675763435834515,0.1471749922547228,0.6804526826003248,0.0930350665550408,-0.3226413722063204,-1.3929625642341734,-1.2026554085781476,-1.179059202011244,-0.49757568865068197,1.8355022200462119
1.8392330700433255,-0.019445359865920164,0.08959279635093328,0.09221642875277589,0.26492035117009155,-0.33577460765345557,-1.7926774099281408,-0.09271358836510425,-0.20885248509271137,1.9072316225104606,1.458339475988779
-1.2777241000171222,-0.4941656242057522,-0.24196138065777123,0.49574827967774493,1.408200556363332,1.2307402609317315,1.4268446667000159,1.4513721977845409,-1.2738446688582752,-0.4318563689121107,-1.3638683168246168
-0.9063787624946692,0.2904350071763332,0.3784854142604152,0.8691818380699333,3.040801578985197,0.5901784862768183,-0.5536806987603775,-0.6664395001717286,0.23269632209434882,0.24700556906075982,-1.260182362061459
-0.32992310001579256,0.6024721589109299,1.0499914517683062,0.24522145241500395,0.9574194320646082,1.2173314248389833,1.1602781168804102,1.115264595214192,1.292283433866313,0.5129997537820562,0.3769088344638001
-1.2101434902352735,-2.6959683943264903,-1.052046523399391,0.26916419455590096,0.512143575491809,-0.16210040560281372,-0.2054840191275087,0.051860396421965875,-0.6472718012212522,0.5021092195890036,-4.197334164928482
-0.8126989412721419,0.46719665324554305,0.01996400555324534,-0.6190576145025245,-0.9244119098623722,-0.6351411943956269,-2.9863173731259858,-2.1466946680668335,-2.4307553993956614,-0.3911408025801985,-1.383557041051837
-0.09278179517969859,-1.3652493877192429,-1.1735712909412448,0.9462950935936392,0.3982740923779833,1.428205089041804,1.7894312297271717,0.24419514933847372,1.996584384984824,1.9760719255358905,-1.2785963519730652
-1.6066512228639949,-1.0625607623493378,-0.11495159771096544,0.7100254225893897,-0.4628489491781446,0.912270421725549,0.49901037431946976,-0.3409121981173965,-1.0434707886296226,-1.461636891668578,-3.1566503445521183
-0.16943345200479226,-0.09556766031062515,0.3026450721203668,1.4986578972698545,0.18751705434299434,0.44461955551309496,-0.6866923540451416,-0.46827970715724415,-0.4118763313793533,-1.2714466468046912,1.69369670011994
-1.038826793690964,-0.9784814315769076,-1.5231703374898935,-0.5032612557666566,-0.977545980118127,-1.2712461630227216,-0.9857784289002737,-1.0488267572191063,-1.413184361539219,-0.7118434303636275,-3.1321207748585174
-1.1489464794451978,-3.1284093878058754,-0.7993314185175583,-0.8035953127346969,1.8850862471834615,1.1171724853895928,0.2900903562789372,0.9738093050599783,0.2782361384889619,1.949634210172303,-4.084994037596234
-0.8541323226922223,-2.112775200052787,0.039580326901867316,-0.14931485020125648,1.0492454933714221,0.6472261751267329,0.11436881114624059,1.0389535035833746,0.39317024621625374,-1.067579933149538,-2.6983758445124675
1.1059389168041216,1.7355556173463542,-0.18271195782218727,0.06532440023342265,0.020105450509863492,1.0192464680608164,-0.7976006548336717,-1.2809395873483023,-0.7528193752777252,-0.5822324437370263,2.570097770042213
-0.4340918471539564,-0.118631644743018,0.5797756746213109,0.9765206281693694,0.046510460610782435,-0.11928180495278484,-1.6935113046501096,-1.5012610441472356,-1.6125161963775636,-2.160316106287613,1.0438768498819546
0.06511567500856276,-0.4364884215151397,0.32923687028086795,-0.5845721536455804,-0.744748993270912,0.1259897876191635,0.7821019807630917,-0.2609411541913307,-0.3049371397754532,-0.6221309049851566,-1.336441815858343
0.0424004768655394,0.7958643569735395,0.9440506781993473,1.784270960546578,1.8740037670840046,1.0451710061548916,-0.30127013993750307,1.4148966017759848,0.8100991687137157,-0.8910789543130602,1.675915017924155
-0.7585553226337055,-1.0085187995053073,-1.0162907356939335,-1.75871959925064,-1.094478138533479,0.40402420081128904,0.2932486376680312,1.3757714533820375,0.42591123709104756,-0.31860457418649135,-3.401254299837928
-1.6107232969460117,-1.4020916581620964,0.01945540553122902,0.3475938854382785,-1.4388675144855878,-1.7049133290906664,-0.6287509462316953,1.2196297858621878,0.7493977411945001,0.18502954316902617,-4.215330252351972
0.5694764312017959,0.2369974752855944,0.00799269820080213,-0.3113823720317969,-0.4671052425678417,-0.2988290842500012,-0.8221887708155343,0.28964529966547914,0.8056804259906042,0.595962703480603,-0.27336182669703224
1.4524017777452183,2.158200580172354,0.2094686956672497,0.16157161999604894,-0.05739932509913177,-0.024810825721922575,-1.643284126130381,-1.946965705342678,0.26700408070696585,-1.2333716261415493,2.8815713687173856
1.7674062119951053,1.078567947858093,-0.2928399615382177,0.8953056205888146,1.1264178409445524,-1.2839606700059225,-0.5546925641312979,-1.0155635973680235,-0.28473374387915895,-1.0813284869018962,3.9123515904958124
-0.8853272239483572,-0.7353249536024785,0.41069857670577076,0.3283702449506328,-0.3781960326904288,-0.24998121262140552,-1.6673757748017188,-0.22088265304375532,0.8777932409261422,1.3859312371768489,-0.9088978203627852
0.43443327210434174,-0.41214295054014716,-0.5222040575827919,-0.2578938024795771,0.02129397745671005,0.06881212595795998,-0.31827051515350574,-0.36239238132474866,1.0954979455701885,0.5064080223017763,-0.11391233701039563
-1.2796402709630827,-0.3484756901044917,-0.06787120296408115,-1.0081952600640485,-1.0031021472145263,-0.555113137783367,-0.10001546722538451,-1.633416948389549,1.6780890936577653,1.2357313507733148,-1.3521441161256775
1.1992433817063053,0.08173024486339345,-1.3919165368492543,-1.5260594128553808,0.1380522528948273,0.2195480355957491,-0.282497354090475,-0.7412491848381781,-0.7283687710761088,0.5744307333184819,-0.2907074474751161
1.34800249238441,1.1291930209271412,0.8450566107645062,0.1722006462397535,0.9998472411516732,-0.44559389105297526,-1.0719624588270944,-0.4276073535193102,1.689152199634163,1.6200969437536552,3.4177054322399525
1.3855424893915707,1.5881020280591238,0.9311690180364223,2.7890372384039406,0.8430822041341638,0.41530894305737903,0.6633933370492613,0.8190904810961943,-0.11421144171747429,-1.1599954251091518,4.395735105916636
0.7900145457858072,1.9239764212919253,0.9178614411340065,-0.5224706435184201,0.8524314985788841,0.5599136601490222,-0.35543723463720744,-0.40812301129677564,-0.3223747351181345,-2.254210310844621,3.1067729392077883
1.2294685698183387,-0.09098444280732366,-1.538171993646903,-1.5126532884477661,-0.4397273732067001,-0.17609108832268433,-1.500650133697587,-2.290041620778365,-1.8931680427838609,-0.6965864270743719,-1.0419876282476905
-0.6669999751602066,1.0077943133854173,-0.5878999454997849,0.13978986899586504,0.4450911511381342,-0.42109767515271346,1.752391561634626,0.3239341522186137,0.7987192511525514,-0.2014821710933636,-2.5073874722021996
-1.9594468266461815,-1.497516343673671,-1.4299748338164857,-2.189118583297209,-0.22110842224991836,-1.3636524206223262,0.21806457979399013,1.5765514141939048,0.332386454352417,-0.40632998360359546,-5.06959308183018
-1.7211715034651194,-1.4045235781375645,-0.010224838281513401,-0.8265514014632336,-0.6906239920681334,-0.2730882327911404,0.10765267951364713,0.3426805049024524,0.1584540186529768,-0.035550592432978624,-1.8969224918430592
0.5194050576540876,-0.4794042115115009,0.9046617484563011,1.146491871040736,0.9340350495993762,0.9108316873034986,-0.6494989344652785,-0.8491149210725677,-0.7812227986757102,-0.5696694312583062,2.2502978980964294
-0.5280111752795112,2.0212830032738522,0.654728824749739,-0.038430415076967914,0.8365743097652917,-0.3094047768177573,1.5723812793129635,-0.21688940362662984,-0.5461637624639869,-1.9454092862828611,2.599192702702856
-0.905345606170194,-0.17663065024617797,-0.0037594302657366664,0.002169744974190217,-0.11362050938846248,0.22630247056720565,0.19326919474403878,-0.5775414284032898,-0.38707552291720293,0.21010393138004343,0.16536873339162317
-1.860071941367779,-1.5938962294970898,-1.6335226670956713,0.020676380234810287,0.27567445681101127,0.5801829676425271,0.3373003159736043,0.4401001059931749,0.3548163713682495,0.4143701460560388,-3.9632394908052895
0.774855095598349,-0.32164283549688344,-0.7415907022033841,-2.1363210099492296,-0.04088478654894513,0.18555821697792782,0.8641067079794771,0.785084650652956,-0.3921731800929999,0.6941946791496529,-0.5928032480050736
0.07654719967898774,-0.3108981949215364,-0.49430480921805037,1.373582411155012,0.9987223428813052,2.096249112094279,1.3198609034607671,1.5358188246684708,1.4898637965019854,0.7474588343723503,-0.337228704185156
-2.3210490083943025,-0.5303737860241556,0.7066229293305376,0.42087786561025337,0.24350733795850643,0.9943024632785086,2.038770469801721,0.15190131259711095,0.5958737863105614,1.3027656079321346,-2.4203945218065517
1.830088504734776,1.756056327164939,0.0351976846751879,-0.5926386716191512,0.5470779753807709,-1.5878859934944582,0.13320530263006,0.27904202758713265,1.2937610574517062,1.6162398670811857,3.744183453471475
-0.004361426519182148,-0.7725459529979518,-0.8495598086330731,-0.45611422432099047,0.14845584350732335,-1.0491222789638996,-1.2457106419425603,-0.13376768576357703,1.136602537454612,0.2914172697399105,-0.08100415795550275
-0.8319834810863516,-0.4852636799464487,-0.9888100143995581,-0.1525174132973191,-0.9011040164643149,0.350875187809618,0.12053112463467743,0.42745120319911,0.24592960763933913,1.8415391251904432,-2.194154477976035
-0.1619723985874742,0.7197103182880976,0.22188224601581416,-0.8950752341075419,-1.0252549825087705,-0.39114153410828106,0.5646201249983557,0.2141370294597893,-0.8087574794437328,-0.619099845373277,-0.46634515134369003
-0.12517508414666392,-0.9669943419501553,-0.5464927355472098,-0.8217805155917137,-1.1597001996838572,-0.27036828301457927,-0.6177383216561751,0.5415902617485036,-0.4212515733739389,-0.28942846727626437,-1.7867904863519735
1.2331266608043467,0.1799697195242585,-0.5739291243878536,-0.35414057968051155,0.540814509765307,-1.1142019801337808,-0.20893781158353722,0.5373550513310074,1.0666541031283259,1.1240828907184066,1.600458380801013
1.8386845039247193,1.958437665808696,1.7847445903664112,0.6505965599516019,-1.586089662927205,-0.7333326709370811,0.27262251811909993,-0.46281345666372936,-0.10373676402096198,0.9434652984081288,2.975447266053181
0.34872679848261423,-1.0767303945472446,0.3017528314707077,0.6381203959664488,0.4808545192208334,1.7903353013387546,1.903112525950838,1.2337199926397582,0.06316604453221458,0.36384978071153146,-2.276367709179249
-0.881967553643819,0.7240267071771028,-0.35998032819395265,0.7578481966435314,1.038043219744954,-0.03943661147925148,0.14175195276054436,-0.4431460275608955,-1.5561314260404526,-0.04147714610773145,-0.5585233117036885
-0.4909628454110483,-0.3108349506571709,-0.5786572915386289,0.39672707875820123,1.7970506233286279,0.6186607416804921,-0.07491454361112035,-0.23843163416572435,0.9297514695602135,0.7865111480720429,-1.789436650605115
-0.7052042046425585,-1.0870133568265177,0.30073962795196996,-0.6290766137578815,-0.1680631773762299,-1.8732459211889647,-0.1659266772428137,0.7781523790451367,1.8630413715414056,1.880739841629897,-2.1877545919583006
-1.270551778352242,-0.4642656914660168,-0.05066993386492677,-1.0435032029541549,0.48603014374300546,1.1711794876125052,1.5369644967617886,-0.1753774341409135,-0.33234994441554533,-0.19000391970075117,-2.1403418630945437
-1.6488245148970342,-2.030867330829165,-0.8500379028304055,-1.8831103252118466,-1.36406477676354,-1.1554398721557717,-1.1080596535741378,-2.2334774444041847,-1.1618664996180073,0.5530927394500053,-5.262846615719069
0.32591045885103487,0.17972671246237693,0.08612042847256035,-0.4897742699809124,-0.5008701039265118,-0.49249861427648434,-1.973085484780337,-0.9569331545255693,-0.41740019639503145,1.3660628844654767,1.6777478915975508
-1.0059937031182822,-0.4812092357060588,0.2920029890376838,-0.949092069618755,1.0271295765533333,-0.8534276054276325,-0.6286983808679534,-0.3814641783891931,0.6207376575488106,0.4846497465756071,-1.0632254461950341
-0.4097192531431402,0.04892305193364374,0.6355001303585904,1.065545290784895,0.31359298632968857,-0.47961896490757316,-0.22425582016984527,-0.4307480273341525,0.31640215007916006,0.9364658942582362,0.8001303398096531
0.41678313564930813,-1.2134761215706373,-1.748977580373263,-1.743086299007314,-0.04146820061323253,-0.3347545422430004,-0.9661792267240219,0.6451708767592524,-0.02253239926348619,0.006720552444840644,-1.6867053255133295
1.227301256545611,1.5230769903750276,0.1896683613993869,0.21496398190412208,1.302604624082367,1.3942947189558998,0.21766377575573764,-0.20748721650600271,-1.9182452971599258,-2.358727603213459,1.7672372654826187
1.8755570244490147,1.3368784844839656,0.5057118584044115,0.43444751638618,1.568039567110707,1.0706278026876945,-0.5851283218519456,-0.18249662670350494,1.1248267109506633,0.13660893097961618,4.7749856344757164
-1.2427727058880669,-0.5102855332509247,0.8846527314361691,0.7845284701708867,1.0147378220496441,0.37865057199888513,0.004469947901094032,-0.7121344212000732,-0.8374535615356303,0.41024371085121375,-0.6792148276842817
-0.7587498566286796,1.5463694916273625,0.4076066475191974,0.14566987031858541,-0.33672524457245395,-0.502936813928283,-1.3541932021749783,-0.9371872424539617,-1.5402070798619472,0.19193382614150917,1.384313241638885
0.8756919858729989,-0.552420459558299,-0.6035036346612744,-0.16599703088689605,-0.8454746946473938,-0.45254715233540055,0.2065501680164002,0.2686783267302553,2.157445613802857,-1.0046779989318255,-1.2356975468947977
0.021917717489551687,-0.8314525959809328,-0.9269003346299639,0.5373783270770197,0.21904763459791854,-0.889310809998046,-0.13266957660318812,-0.4533406238202268,-1.4056501774088346,-0.7903238107552657,-2.494382468338846
-0.8287655669616392,-1.5009790840143185,-1.3509058132937908,-0.4833995374324029,-0.7272313489185263,-0.5984861834960713,1.9245729764796482,1.3493279714637378,0.4268508680450552,0.43038661363061753,-2.361008748881006
0.6234939235927002,-0.07572758275476801,-0.4828522236385639,-0.8378763874316906,-0.8745401476891422,-0.7202172899934354,-1.0232312129406265,-1.0032500482617634,-2.0342877718228958,-0.2828195197257231,0.13955146479275932
1.4630209774410692,0.6941502130533078,-0.8654273099726295,-1.9431377749343761,-1.3982676893421335,-1.0393296748183583,-1.287269997231666,-1.225662536889137,0.4786301235312809,0.6097114919856151,-0.45987544029954974
-0.8484498121720225,-0.950354908576258,-0.7040013126342395,0.12552874806272732,0.25895416457507847,0.17722042470115712,-1.5233888063664278,-0.7951245565204331,0.14129186675652314,1.894450079770211,-2.7987952757481604
-1.3499724162260915,-0.7771290071062174,0.5784445687134977,-1.1226188922411442,-0.5101429325936183,0.6455420332643635,0.6183871798138196,0.3831652119375155,1.9181153132045639,1.0414233178522188,-1.0502502396833786
0.1290801655343417,-1.448086342335421,0.2289814459053657,-1.94637513790136,-1.9593381066287296,-1.3005731978049064,-0.7233491152542546,-0.8006001151916151,-0.0355310881190498,0.3701098688202881,-3.251829610144394
0.3284828677310647,0.8027073471022643,0.5757989098483768,0.6713403343850465,0.5350363979883006,-0.4090923682193392,-0.18300526329701547,0.9465584033002188,-0.042851150077845256,0.2215660519576458,3.3343444579295447
-0.5485680180144266,-0.5387040759173448,-2.5426943823724564,-2.6976876588220304,-1.0824239127112543,-0.8192019009211265,0.8496783926556098,2.210855834518541,1.813262480247795,0.25121040693982866,-4.701328488890708
1.2375454560432335,0.35204953978779346,0.21788888621338817,-1.334223298973167,0.6897585390799303,0.6466603171359963,-0.4806327869398777,0.03240836475405596,-0.11408365755290127,-0.7989702789872525,1.8925727334366031
-0.9281256779679455,-0.690230009280836,0.17524221832013218,1.2598750180800173,0.5885308847892541,-0.010883776428090316,-0.11838427017556086,-0.3957061865307933,0.2592419592212374,1.5041032521289506,-1.082126645959662
1.065320771431649,-0.5257482311030719,0.5278110322166427,-0.32927409652243467,-0.40408197143073693,0.3685077556157612,-0.4455499947643824,-0.2595307548083188,0.7645817015383145,0.41832777760405127,1.352070204066399
0.47158236981252405,-1.8722785784300604,-2.11817010987708,-2.2582481033530564,-1.4125757414517304,-1.4683252747671705,0.4663365912141378,0.5823038961519477,2.8091689821958257,1.8504388245201173,-4.027070950603534
0.9224292894906253,-0.2802522400575362,0.6931893293091123,0.5518647714582003,-0.32706969019987425,-0.9297203128085858,0.5889919362033126,-0.3620746424863758,-0.1536067679573503,1.2297534905864143,1.106680159501075
2.1124326534160605,0.1919225045424922,-0.8010219773647144,-0.7663637188141932,-0.494973461808372,-0.6858651963936787,-1.1433663160003227,-1.4034298905528002,-0.7413722743929279,-0.8751565063023858,1.4207364661395951
0.8646846080305459,0.022992717910324364,1.242470753686838,-0.20064185476220417,-1.382150595325017,-0.976242982193692,-0.3302819582087205,-0.6287536349677716,0.24770576174876835,0.9536618126240081,0.26968691781955023
0.6348134033308042,0.4631465689038974,1.5426355797061504,0.45603104401998773,0.16881230315395512,0.8788768821942977,-1.2817849227772489,-0.23396151293535974,-0.47073006524194827,-0.8748276149812673,2.8879112299365244
-0.5546847388228572,-0.02075778900882278,-1.5557411755703745,-1.60611349391786,1.2562643382426708,1.9587117117494854,1.7496071654847973,1.770326253828897,0.18170539544319025,1.6111411204768116,-2.409141771762335
1.8121318531836268,2.0778575675397266,2.4489688446285336,1.377596839234692,2.113391877985606,2.61505180130295,2.460631882975726,-0.7737055218849511,-2.211015993897968,-0.17970565091472934,5.6889164099435074
-0.7296196475631088,0.6383646606442819,-0.43802415339651646,-0.2463922128688074,-0.7576175701153772,-0.33691237513560535,-1.0522118594748269,-0.19626993051362202,0.17033284716417682,-1.1169875752760252,-1.7261721848647036
0.8876177793950266,1.8394573758214092,1.13617818609748,-0.6256549033325243,-1.2804319640013124,0.04575655865868292,-0.45828114018186433,0.05730624349278449,-0.8718638054043144,-1.1488399678369796,-0.02779142121794065
-1.7536523754207054,-1.1061832533216596,0.08715130711655301,-0.5731997947857225,0.023651930595054417,-0.48845395633718924,1.081425898504144,0.8740240074051909,0.4295142404902723,0.020463089445878862,-3.0018854882035484
-0.5052760144356903,-0.2535463940703955,-0.0748683835797261,-0.3305028940936778,0.20828974670040182,-0.4373251904897385,0.29217485241499547,-0.7460490623346805,1.25834790983885,-0.022796409017546895,1.569038053475683
-1.3018887964299939,0.028306292906713045,0.9414731738807908,0.2630731453450966,1.5043078740525966,0.6912188156950956,1.5908156672235017,-0.03820499862516742,1.1357315586628345,0.6745411778738042,0.4763352630704327
0.8375219800790819,0.31459708765139555,1.7220993257147417,0.2575394778108262,1.1762451094419615,-0.19857240952134633,0.6076004664991026,0.39908653344195244,0.8158284480711623,0.5584970369830352,2.4414636789073714
-1.7518165401588834,-1.7618912137102636,1.3027233382007082,0.721478591149347,0.1625579861272849,-0.3098714375380149,0.9777409420435506,0.03270378675399403,1.0315098510136342,2.2864754573661017,-2.3214833037297415
0.3712788317574917,-0.28914965392844677,-0.4028874866465628,0.5577735188356978,-0.20174148825917765,0.8764519939388005,0.26404948419652413,1.2037784427790337,-0.01258061296202239,-1.0981154985674668,0.10345361932128662
0.18573167981434682,-1.0304904771670194,-1.070406927761219,1.3775341809714938,1.3030215709041517,0.14462825453596378,-0.08533013514387804,-1.3320841928671696,-1.638485475658963,-0.8059300126528531,0.0778322431686379
1.09071677450186,-0.2230633137210567,-0.5955726750071474,-0.6522658675326407,-0.3584007826814234,-0.840222014237166,-0.05535030014912724,-0.32215002452116626,0.6119025326225462,-0.9932208371376684,-0.9584768003374597
0.41569549359346863,-1.042390303479402,-1.0583005487171508,0.12714209594903064,-0.22146468382346443,-0.23242310303144725,-0.12088062058966367,-1.4108542703094114,-2.2191596235477924,-0.16774222280605205,0.0676885178634481
-0.7945525372803343,0.8868312392899669,-0.6202299393858115,0.6902086106647313,-0.33433402023885184,-0.4986201582452399,-1.5000898511418472,0.8291057680999061,1.124919916259552,-0.21770474075558957,0.46737244617951856
1.0090161710292607,0.6317901366613681,1.4351680065520802,1.2657170810768517,0.20799748179026734,-0.9272272609012715,-1.3393471562415853,-1.832183637877309,-1.5812989511940765,-0.7243565444446545,3.6416211387863315
1.483670147555806,0.4551957826565093,0.6530790191116951,0.2878979255857136,1.0631758202368455,0.43527092637637826,-0.009572995537601707,0.18245285201752512,-0.556442382394097,-0.6296267247672804,3.005944258239412
0.920894541263872,1.1045570150848603,0.35951611859952654,0.4453865505648547,-0.06348871230870759,-0.9162533733754151,-1.3474825800762844,-0.12116837197137001,0.9991975494314596,-0.17783830641701395,2.2053233599496664
0.29214171761016194,0.19713791810782744,-0.34482779785898354,0.6520215385299728,0.8478680647889346,-0.6898243839162541,-0.7517107107841635,-0.3613739936463702,0.7334693318204486,-1.0159280721153636,1.3461988377176297
-0.6068852275696002,-0.28869881695341193,-0.004264662872156448,0.15811170201607186,-0.23237040683346039,-1.3130118918761906,-2.170887405148901,-1.9720539889371982,-0.714298546360127,-0.7512371926542492,-0.23181834567450887
-0.45170215514831924,0.8721552288616155,-0.9795544540187008,0.030490303399441036,1.0838842152800652,-0.4891471887437355,-1.6098477102739124,-0.28280244104406344,1.3305263987118767,0.032947576545069364,-0.4667783909954815
-0.33006266956350266,-0.33943212797246497,-0.9984851492697827,0.9358530162272698,0.9834077222884525,-0.3559400132928519,0.7459416828532758,2.1040572816991063,2.794119173905527,0.575224357834709,-1.2032784834516468
1.2641136391290495,0.5123753234919096,-0.4500515017897083,-0.013381059085035753,-0.27209665439687925,0.8164662433469625,-0.22015209298604746,-0.5944721179160785,-0.20936209565036565,-0.39176649224485804,1.4460675375973486
1.166858065124424,1.1025022149837227,-0.11788105199690603,-0.36190452142927243,1.912732839373743,0.5657036507325827,0.5370966877261351,-1.5032368078619183,-1.588991922216074,-1.7387230343952538,3.7649361167114854
1.0397611467236407,0.7417138897464809,-1.0419866591371485,-1.0242343312370406,-1.5090000775697063,-1.3660994486340732,-0.16712186160607137,0.4363058347567267,-0.12156293787797817,1.7185811811740508,-0.9426605606241221
0.21987269268251874,0.22461382611449443,0.34820478816762057,-1.315023146129122,-1.5302515662638008,-0.4876815788356165,-1.2328715059119293,0.8305866849606925,1.3674049965763666,0.8133084241209981,-1.6910982109821624
0.7808585916943336,1.8823594301450917,0.2897781286315023,0.5440938753367153,1.3571478594370199,-0.08840015763510749,-0.7553700521340507,0.42946015077397376,0.9489140698823202,0.9812793163504538,3.114440976247915
-1.1884317608655597,-0.6820255126320922,1.0628673422538035,-0.28747180133143496,-0.6294508673695051,-1.658661670891253,-1.9168488254910332,-1.0553819176111778,-0.7477474189435992,0.7187026957265911,-1.2863229577694084
1.2976749819513653,-0.7089158523288377,-0.061419257058105255,1.1576130728700629,-0.7507659076704734,-0.9499424820513713,-0.05207414641012466,-0.13317968797774268,-1.046421559481051,-1.8468490111445097,1.1799244578377708
0.5715289942506714,1.2064761250617506,0.42553668453590665,-0.75797910853717,-0.050927643122051156,-1.0758364732356687,-0.2631980855495213,-0.06577481357689,-0.7848655721138335,-0.06356710181770832,1.722607930890838
1.22446203527188,0.6455586003070182,-0.029834792525871994,-0.9057570626779936,-0.008337613665103783,-0.40653845629389523,-0.9219145796583623,-0.21684493785090272,-1.3360393060859064,-1.1348425257562467,1.135835437562948
0.6689436508067522,-0.39654681353665705,1.064595380518322,1.5980046508249521,1.3132130358072518,-1.6580939953428597,-2.3493077507551106,-1.0934829315008778,-0.647709966788849,0.38400789467723623,3.3821713343819333
-0.42431716204258674,-0.5612879680113537,-0.8088602659028568,-0.1421760428682818,-0.6476364937908435,-0.0758734284971487,2.044881794680106,0.5631169362592944,0.15591232590263213,0.3813633910389917,-3.145965390375381
-1.3783871841532358,-0.39485442024951417,-0.9228216943678674,-0.7203864476145452,-1.2338799382868832,-0.7430564295062634,-0.13358428813032827,-0.28931481521618696,-0.26542030465374195,-0.2596900184801639,-3.6113913284570085
0.29395807126438067,0.5716168004947572,-0.021026401621800625,-1.6224377399610619,-1.559621962480837,-0.5962562434551136,-0.21369561673481938,-1.039827042339495,1.787683119309941,0.12971964263582264,-0.3255185779425336
1.354446963565486,1.226663748829023,1.7084474737901396,1.052689749926684,1.1715873042331109,0.41906587043420235,0.13507683934727252,-2.02879735625958,-2.855712462324723,0.6659501971442972,2.373050996565917
-0.713174012302247,-1.2148277530597091,-0.8124992120253984,-0.6138758141233679,0.3568860953372449,-0.9281343138734633,0.4214871173379112,-0.17065633184884424,-0.5880251934485284,-0.32071492927422746,-2.5225632529792223
0.9337672668297234,0.2064520924719501,-0.10898050789352136,0.19590383879802029,0.9368376301567358,0.47415321002354727,2.814740846450427,0.501865991004638,-0.21357818632904216,-0.5407159292383826,2.960739863349744
-0.18228057100959408,0.2886981544863988,-0.8296050867803059,-0.2275852462710764,-1.4320660403973398,-0.8708485675193224,0.2499732806251932,-0.6647305758754547,-2.3100506834063173,-0.29238609153591766,-0.8056459177805954
-0.409790208218682,-0.8369604480618614,-2.0413425044553115,0.5827637633145822,-1.3191517750868489,0.20771599638569158,0.046529099112907646,1.6859673970755025,1.269053518777712,0.28189823217855053,-2.1041880133142117
1.32158738359129,1.9791836017700333,1.923435396045184,-0.5726995727387403,-0.2642756665715806,-1.1240953099133792,-0.7819569462369755,-0.4243108812477766,-0.269112189478211,-0.4392907974244748,2.516895775052035
0.16056551786409692,-0.9888373369246155,0.25432383543985954,-0.17405900616208897,-0.19597418303365344,0.9296986278951357,0.6300700296490842,0.4471956796902599,-0.8609202872361326,-0.3791979656178437,-1.2030898975227236
-1.7763554321624893,-1.205719101448029,-1.5675925092783078,0.9720710872528279,1.3568554108533282,1.0690468218070859,0.5031318761494429,-0.5920131755410324,-0.2935797897603394,-0.2842086970185968,-3.3964830821400374
-0.5745801690191142,0.37159979419521844,-2.0307528858180905,-1.8743572927409315,-0.6701460331697243,0.07845487122417064,0.014485611298875547,0.6652164172838025,0.3892434018719133,-0.15374030301742198,-2.6972392856403453
-0.07614530427095391,0.24767442994880629,0.251387668732051,0.5760130930695585,0.3102624134503405,0.42767881875545033,-0.0915178137006821,-1.568327422355437,-1.05960135235554,-0.7965355928849784,1.846928355848982
-1.9709028438748455,-0.8643457427938768,-0.697346766184345,0.6041135658205976,0.04647045453069166,-0.6471937005802831,1.6074354897668475,3.6733507139633796,1.892810458231766,1.6122727543190487,-2.2721569198610516
0.600617760517459,0.959220862696387,0.23721779021879075,0.6531137228808078,0.8771234023725505,-0.3155943474118853,-0.0813236044623487,0.2528759732686767,-1.5777904143762926,-1.3281151032152654,0.8355373374956443
-0.9497424202095351,-0.12110314486582516,0.5681921918762677,-1.341437409934823,-1.2581844994541458,0.544960527712672,1.7441045643883042,-0.07333026732655658,1.196525886272101,1.8752519147419655,-1.2474167064091883
0.1397135028542258,0.20536071271084455,-1.2706059697772398,-2.039550797672583,0.05813523224648249,0.19885449510997188,0.6561097765618085,0.1655209951972652,0.6785489902498554,1.8202662779156569,-0.7643330329663941
-1.3952068131078696,-1.2236465481601921,-0.29570620219706867,-0.40659388343631364,0.24324557018248652,0.1821687236088735,-1.2319238570750946,0.9584269557490039,-0.1752562154670093,0.2672684279846388,-1.525387173771026
-0.0402134079765887,0.4885260894503608,1.968760346521967,-0.1288935740347667,0.9364887857433749,-1.2605213579049943,-0.14180864245069416,-0.6102795436012914,-0.9870218511243202,-0.6424736217762997,3.248144685600022
0.20310191048921267,0.448638232992108,-0.6708546100926015,-0.482717168086861,0.1864223439459918,-1.134143603773142,0.11223985769781986,-0.6706091407239017,-0.41708644456156696,-0.2574873369433211,-1.0113968594460765
-0.7463177726586381,-1.6005403178310347,-1.2834062159700959,-1.4338048388954023,0.6151470522285942,0.8720471793601661,-0.6375449970316163,-1.267665536536714,-1.2999697107811528,-1.3894917447547768,-4.058143792828304
0.8879209869867516,-0.23545733254943152,-1.1407370643418315,-0.3391797148405101,0.7754779659695017,0.5778232217493988,0.5746271072491314,0.5351126814975908,-1.047937382170131,0.7838217014996975,-1.2230412693148125
-1.5787647644161518,-0.28420637647435437,0.4373201464858302,-0.14455175316584487,-0.31879899775542025,0.1497402230976627,0.0014599733943887758,-0.13552989956896566,-0.7180210955390495,-0.5073111475084215,-1.8993381376285405
0.03752759848299215,0.43810655851940106,0.07958151072900363,-2.122956814001312,-1.4767267852898653,0.40961827891992264,0.22096953015719642,-0.1642457019842573,0.13668883066916376,0.196819579999162,-0.2424079564762483
-0.05936203945701954,0.6280323908315888,-0.3688442357719836,0.6499581664672489,0.06642581746203535,-1.11724753136766,-1.0164408651191672,-0.20428720444318837,-0.6701833359778923,1.0162654473033728,1.4823602784134697
-1.8466322947890341,-1.8430689728137222,-0.6111956123280822,0.22377506132347444,0.255148353251388,0.010484129870347794,-0.6211857298149832,-0.5616927758800734,-1.5263161695226446,-0.9601701861783798,-3.6232161688997166
-0.9425229660031532,0.09235981962738601,0.7786113909359836,-1.0862595591677138,-0.32231495836617835,-1.3262121522714667,-0.010866594254306888,-0.16721349398986998,0.2727866248114876,0.5109602294514907,-1.2202826143348193
0.9038912623788103,-0.7890039597915037,-0.06255672386352648,-0.749129731061409,1.0801367740869585,0.20067266150057894,-0.22911679292995127,0.2865897334612956,1.0765702953476155,-0.4850613704229348,0.30328751486905986
-0.7007065714705573,-0.5014920915932023,0.7353971974498625,0.5566688778357008,0.15989655138630024,-0.9311729617574508,0.3171986102942131,0.10719369825170555,0.07262849075158198,0.6379725144197836,-1.241157966493684
1.422507037788862,1.6554919196567548,1.9953059220561031,0.15911092128210358,2.2958408925815785,2.3979968722483656,2.4786030012469924,1.1571385627058801,-0.5911310867359939,0.20409023617503558,6.556435395471858
1.2731042564730652,-0.7729521347645474,-0.8369713325202829,-0.6995665402701595,-1.462656160028977,-1.5874828096489269,-0.0388523774068317,-0.7902287414707403,-1.7678564321349803,-1.3647143066739993,-2.02745912608266
0.2817760695563227,0.7392431194091181,0.5488715358798696,1.318152361224338,0.528849636617231,-0.30125665939624185,-1.0618000048723173,-0.451475645901646,-0.7950144877186316,-1.7898792943620074,2.020264937320445
-0.05568252099958952,-0.906091234716489,0.6758147051539277,1.3234857126503883,2.3562820713947517,1.053485062996782,0.6592470161223235,0.446435826934634,0.7845511927406991,-0.5488411393461352,2.649190232888321
0.7099500945525316,0.13579280024532636,1.3448977206570374,1.3512260951948196,1.6322538204699197,1.3397534405615124,0.2909536083885909,1.036362679911082,1.006517824010008,0.4882294229289446,2.4992640138749245
-0.6147284986654677,-0.7869431017700496,-1.606604106474591,-0.8928324393414299,-1.1927703332142323,-1.9972722674648404,0.24904499311424821,-0.2039617466621456,-0.8580794311885043,-2.6881876102110214,-2.9939715213471754
0.31922473185838424,1.207221675273352,0.6256187035325131,0.32300408749678555,-0.16558927833334836,-0.1569724474884353,-1.4690596590232137,0.6626762779880702,1.8935099734530194,0.3101286694812633,1.3990116507181913
-0.2997894519714861,0.917053972339817,-0.24814983968261195,-0.6208508419193597,0.5393276869325724,0.29170410715606193,0.2279110913224497,0.21160798795195768,-0.3849381458265345,-0.21835551022760089,-0.035902659052836905
-0.3814448964806494,0.6349859156256847,0.26220864557840007,-0.6736980812774325,-0.9012408111528442,-0.8657578563928018,-1.0336073732866309,-0.19156161228115073,0.24997978623538514,-0.08462892060006086,1.2069901033019268
-0.22182272085414925,-2.3184439269621437,-0.9195431622140046,-0.20493114396727247,0.13323991552751277,0.3549590515967378,0.8639107409516678,1.181709629710393,0.8247140557686287,0.6546667304619844,-4.89549014556318
0.981527318039736,-0.10856855479536194,0.8956316428075461,2.0097526421071215,1.659063580889233,0.43152034902504577,-0.3632129334557674,-1.277343746796585,-1.3013636986251773,-0.3396923855384928,4.101198934204995
2.384684341931412,1.2689751457469396,-1.2389376004762505,0.19861911666569737,0.15607212511472818,-0.4813331133437327,0.28996837468507525,0.05664213141538778,-0.5384507917400094,-0.3918371465049058,1.3432068174822933
-0.4892718560407439,0.8486150735872464,-0.057273164169357425,0.870402413134715,0.7442455664579224,1.6552821248470848,0.5673446701928829,-0.6695453577586828,0.8444459054595471,1.1876031914154084,0.3856140536384946
-0.2733753785468296,0.5769239294177916,-0.05482645251909903,-0.16263958457646413,0.17959825474183685,-0.09963391114911023,-0.7704439940932027,-1.5669753196733744,-1.8600999783736833,-1.9478101998218686,-0.3031127097049358
-0.5160127049653755,-0.04238377128751202,-0.6369594425434072,-0.410536881026707,0.3023262931675802,-0.47907935144753944,-0.43245299111545976,0.28490254306134627,-0.9266463127970732,-0.28262714968696817,-0.44729161152787655
-0.41005749907796496,0.39298999084834785,-0.1531691662143024,-0.8887312624419005,-1.1714470050756234,-0.5285907273197185,-0.8146652496606476,-0.6407803232459199,1.434094919118945,0.08796639182094462,-2.3754732640035003
-0.015456738178687032,0.7713094629480398,1.0320152439496664,0.2554202712446459,-1.5354603267902713,-2.0968403053053146,-2.4456164967383804,-1.3924524237190659,-1.1426367957010093,-2.0778597906790925,1.4780486877712917
1.0236908316189322,0.6563583360319815,1.1316328506467832,0.2888212826163824,3.6976653153848105,2.0911140717915107,-0.021667780701851755,-0.1356368021603916,0.8787528485182527,-0.2738223051850437,5.1071284102429555
1.8903824511978207,0.129002151269462,-0.3191951443767938,0.6940668725048712,2.3705212802542297,1.2701608752398637,-0.14127551431937638,0.10965888448438245,-0.18312866813679166,0.6268813706223673,1.1906240860472979
0.5362972377465955,-0.5910009453117462,-0.45062058725951304,-0.6739016500454252,-0.17851943399382847,-0.056728107692523407,-0.25534536096136706,0.3304554364041378,-0.15477828423351048,0.38331864245265623,-0.3224342500650495
-0.5135002249842022,2.6422294926247294,1.7546059505323752,0.21335956270541565,2.389149577058456,1.2848798372598014,0.8147511142064506,0.9660689052965841,-1.2561852539399276,-0.44252266173830807,2.554238502132255
0.3099082798232459,0.20364290063227863,0.42686618515419317,-0.05966035176799716,0.3810558631321629,-0.4321356265696674,-0.2919889440966116,-0.6855853620560171,0.48718777674833924,0.4861504073925082,1.2071765495338544
-1.1426688006473966,-1.6637992808678945,-2.2124930891776056,-1.144347757370368,-0.8895789142358174,-0.9987171188253957,1.1371275601683344,1.3299262823862734,1.4908656066952446,1.7348115149553827,-4.417711187227834
-0.7778104148052568,-0.7159617308863397,-0.5777886850115447,0.5012853173030728,1.122144560718821,0.91742672947288,1.3260786952630292,0.3229217855218009,0.8652501726197375,1.626865298061835,-1.9137968805005716
0.26634100406212585,0.5459489513888154,0.47317980117971103,-0.16114390081316435,-1.3790384842162469,-0.5652497380473226,-1.352093269045601,-1.2655375700926241,-0.09051446657084161,0.5922787960855311,1.1346150735835636
